{
  "-1": {
    "single_EURUSD_LSTM": 0.33333333333333337,
    "single_EURUSD_XGBoost": 0.33333333333333337,
    "single_EURUSD_GRU": 0.33333333333333337
  },
  "0": {
    "single_EURUSD_LSTM": 0.33333333333333337,
    "single_EURUSD_XGBoost": 0.33333333333333337,
    "single_EURUSD_GRU": 0.33333333333333337
  },
  "1": {
    "single_EURUSD_LSTM": 0.33333333333333337,
    "single_EURUSD_XGBoost": 0.33333333333333337,
    "single_EURUSD_GRU": 0.33333333333333337
  }
}