{
  "single_EURUSD_LSTM": 0.11057152488114416,
  "single_EURUSD_XGBoost": 0.5403113990521814,
  "single_EURUSD_GRU": 0.34911707606667436
}