{
  "single_EURUSD_LSTM": 0.11942336409811807,
  "single_EURUSD_XGBoost": 0.4126069608958233,
  "single_EURUSD_GRU": 0.4679696750060586
}